{"cameraMode":{"drawMode":0,"name":"Shaded","section":"Shading Mode"},"sceneLighting":true,"audioPlay":false,"sceneViewState":{"m_AlwaysRefresh":false,"showFog":true,"showSkybox":true,"showFlares":true,"showImageEffects":true,"showParticleSystems":true,"showVisualEffectGraphs":true,"m_FxEnabled":true},"in2DMode":false,"pivot":{"x":-0.8498275279998779,"y":0.07778055965900421,"z":-1.1920928955078126e-7},"rotation":{"x":-0.11256346106529236,"y":-0.8188211917877197,"z":0.17195959389209748,"w":-0.5359994769096375},"size":3.1972458362579347,"orthographic":true}